연번,허가번호,상호(발전소명),종류,발전소 주소,설비용량(킬로와트),허가일,개시일,데이터기준일자
1,전남제3호,대한소수력발전㈜(보성 소수력발전소),소수력,보성군 득량면 송곡리 1097-6,1200,2002-07-02,2009-03-03,2025-06-23
2,전남제13호,솔라플러스(주),태양광,"함평군 손불면 산남리 89-8,9,산111-1",1500,2004-04-02,2008-04-11,2025-06-23
3,전남제15호,에스디엔 주식회사(에스디엔 순천 태양광발전소),태양광,순천시 별량면 학산리 127-48외 9필지,1650,2004-05-18,2005-12-26,2025-06-23
4,전남제16호,한국농어촌공사 담양지사(담양호 소수력발전소),소수력,담양군 금성면 대성리 산5-3 일원,1274,2004-06-18,2006-07-01,2025-06-23
5,전남제20호,㈜지엔씨에너지(순천생활폐기물매립장 매립가스발전소),바이오에너지,순천시 왕지동 483-3(생활폐기물매립장),1850,2005-02-11,2005-07-29,2025-06-23
6,전남제55호,에스디엔㈜(에스디엔 순천 태양광발전소),태양광,순천시 별량면 두고리 301-2,1000,2005-12-13,2007-01-15,2025-06-23
7,전남제61호,한국수력원자력㈜(영광 솔라파크),태양광,"영광군 홍농읍 성산리 743,계마리966",3000,2005-12-13,2007-05-23,2025-06-23
8,전남제70호,남해에너지개발㈜(남해태양광발전소),태양광,"강진군 신전면 용월리산255-15,26, 1",3000,2005-12-27,2007-11-13,2025-06-23
9,전남제71호,신안풍력발전㈜(신안 풍력발전소),풍력,신안군 비금면 구림리 산1-1,3000,2006-01-02,2008-12-28,2025-06-23
10,전남제85호,썬엔정에너지(주)(썬엔정에너지 태양광발전소),태양광,"영광군 법성면 용덕리 산23-1, 용성리 산116",1000,2006-04-26,2007-11-06,2025-06-23
11,전남제101호,㈜썬볼트전력황산태양광발전소,태양광,해남군 현산면 황산리 산56-2외5,1500,2006-08-08,2008-05-28,2025-06-23
12,전남제105호,우리블루태양광발전(유)(영암 태양광발전소),태양광,"영암군 시종면 신학리 1340, 1340-6",1000,2006-08-30,2008-02-20,2025-06-23
13,전남제107호,영동태양광발전소,태양광,강진군 마량면 영동리 1-4,1053,2006-08-30,2008-03-04,2025-06-23
14,전남제124호,㈜혜인(혜인 태양광발전소),태양광,"해남군 계곡면 여수리 산33,32/방춘리산54",1000,2006-12-22,2007-09-15,2025-06-23
15,전남제131호,주식회사 서울신문사(무안태양광발전소),태양광,무안군 현경면 오류리 236-1,1000,2007-01-04,2007-07-30,2025-06-23
16,전남제132호,대한미래쏠라㈜(대한미래쏠라태양광발전소),태양광,보성군 벌교읍 칠동리 산 55-6외 2,2000,2007-01-18,2008-06-11,2025-06-23
17,전남제152호,(주)미래에너지(미래에너지 벌교 태양광발전소),태양광,보성군 벌교읍 대포리 786-8외9필지,3000,2007-02-06,2014-03-18,2025-06-23
18,전남제167호,㈜함평쏠라(함평쏠라파크태양광발전소),태양광,함평군 나산면 구산리 161-1외15,1000,2007-02-16,2008-04-30,2025-06-23
19,전남제158호,(주)코너지(코너지 태양광발전소),태양광,해남군 해남읍 복평리 산157,1200,2007-02-16,2008-05-09,2025-06-23
20,전남제179호,우리블루태양광발전(유)(조광 태양광발전소),태양광,"고흥군 도덕면 오마리 339-1, 339-2, 339-3",1000,2007-04-06,2008-10-09,2025-06-23
21,전남제186호,㈜에이치에스솔라(에이치에스솔라태양광발전소),태양광,"화순군 북면 송단리 산207-1,산208,812-1,805,804",1000,2007-05-14,2008-05-06,2025-06-23
22,전남제189호,㈜장산태양광발전소(장산1 태양광발전소),태양광,"신안군 장산면 오음리 498-1,498-2",1500,2007-05-22,2008-05-06,2025-06-23
23,전남제190호,㈜장산태양광발전소(장산2 태양광발전소),태양광,신안군 장산면 오음리 150-2,1500,2007-05-22,2008-05-06,2025-06-23
24,전남제197호,동원산업㈜(솔라파크 태양광발전소),태양광,"강진군 도암면 석문리 산191-2,778-4,190",1000,2007-06-12,2007-10-18,2025-06-23
25,전남제202호,(주)동진쏠라에너지(황산 태양광발전소),태양광,해남군 황산면 원호리 산27외3,1000,2007-06-14,2008-03-17,2025-06-23
26,전남제204호,그린태양광발전(주)(진도 태양광발전소),태양광,진도군 고군면 오류리 326외3,3000,2007-06-14,2008-08-01,2025-06-23
27,전남제207호,(주)한국솔라파크(영암 태양광발전소),태양광,영암군 덕진면 장선리 산31외10,3000,2007-06-26,2008-05-27,2025-06-23
28,전남제215호,(주)씨케이솔라(화원 태양광발전소),태양광,해남군 화원면 장춘리 산55,1000,2007-07-09,2008-02-22,2025-06-23
29,전남제217호,㈜그린솔라(함평 대동 태양광발전소),태양광,함평군 대동면 상옥리 산26-1외 4,1000,2007-07-11,2008-05-08,2025-06-23
30,전남제218호,안산에너지개발㈜(도암 태양광발전소),태양광,"강진군 도암면 석문리 665-4,664,산120-5,11",1050,2007-07-11,2008-05-26,2025-06-23
31,전남제228호,파인태양광㈜(파인태양광 해남 태양광발전소),태양광,"해남군 황산면 외입리 7-8,산7-2",1000,2007-07-24,2009-08-27,2025-06-23
32,전남제237호,(주)에스피솔라(장성SP 태양광발전소),태양광,장성군 삼서면 대곡리 산129-1외42,1500,2007-08-10,2008-04-30,2025-06-23
33,전남제238호,대영산업(주)(대영일신 태양광발전소),태양광,해남군 황산면 일신리 산9-16외1,1000,2007-08-10,2008-09-30,2025-06-23
34,전남제247호,㈜수성이앤씨(티원 태양광발전소),태양광,신안군 지도읍 내양리 59-15 59-52,1000,2007-08-20,2009-08-12,2025-06-23
35,전남제250호,㈜금호태양광발전소(금호 태양광발전소),태양광,고흥군 도화면 구암리 산108-25,1000,2007-08-21,2010-07-12,2025-06-23
36,전남제262호,대호에너지(주)(대호에너지신안태양광발전소),태양광,신안군 팔금면 읍리 923-1외10,3000,2007-08-29,2008-09-30,2025-06-23
37,전남제272호,(주)덕암에너지(덕암에너지1태양광발전소),태양광,해남군 산이면 예정리 산94,1000,2007-08-31,2008-09-25,2025-06-23
38,전남제273호,㈜용방에너지(용방에너지 태양광발전소),태양광,해남군 산이면 예정리 512-2외3,1000,2007-08-31,2008-09-25,2025-06-23
39,전남제280호,(주)재희태양광(재희 태양광발전소),태양광,"영암군 시종면 봉소리 산 58, 58-4",1000,2007-09-11,2008-08-29,2025-06-23
40,전남제282호,(주)신안성환에너지(신안성환 태양광발전소),태양광,"신안군 지도읍 태천리 산444, 산445, 산464-2",1000,2007-09-11,2008-09-30,2025-06-23
41,전남제320호,(주)온누리(온누리 태양광발전소),태양광,나주시 공산면 남창리 산127-5외5,2000,2007-10-16,2009-06-09,2025-06-23
42,전남제332호,(주)진도성환에너지(진도성환 태양광발전소),태양광,진도군 군내면 분토리 1096-1외3,1000,2007-10-18,2008-09-25,2025-06-23
43,전남제333호,삼호테크(유)(목포 대양 LFG발전소),바이오에너지,목포시 대양동 694-1(생활환경관리사업소내),2118,2007-10-22,2007-09-08,2025-06-23
44,전남제351호,에이치앤엘쏠라㈜(에이치앤엘쏠라 태양광발전소),태양광,고흥군 도화면 가화리 896-1외1,1000,2007-10-29,2009-08-20,2025-06-23
45,전남제353호,(주)그린솔라(장평 태양광발전소),태양광,장흥군 장평면 선정리 산26외2,1000,2007-10-29,2008-09-25,2025-06-23
46,전남제369호,한국농촌공사 진도지사(진도 태양광발전소),태양광,진도군 지산면 소포리 1050외2,1000,2007-11-06,2008-09-25,2025-06-23
47,전남제377호,㈜한국태양광발전1호(한국태양광발전 보성2호),태양광,보성군 보성읍 옥암리 산 60,1000,2007-11-14,2010-07-30,2025-06-23
48,전남제378호,㈜한국태양광발전1호(한국태양광발전 보성1호),태양광,보성군 보성읍 옥암리 산 62외 4,1000,2007-11-15,2010-07-30,2025-06-23
49,전남제388호,㈜한국태양광발전연구소(한국태양광발전소2호),태양광,장흥군 안양면 운흥리 산 106,1000,2007-11-21,2009-11-06,2025-06-23
50,전남제389호,썬레이에너지(주)(썬레이에너지 태양광발전소),태양광,장흥군 관산읍 삼산리 산5-1,1500,2007-11-21,2008-04-04,2025-06-23
51,전남제425호,한국농촌공사 영암지사(한국농촌공사 영암 태양광발전소),태양광,영암군 삼호읍 산호리 1414외1),3000,2007-12-17,2009-05-29,2025-06-23
52,전남제426호,스콥솔라에너지(주)(스콥솔라에너지 태양광발전소),태양광,"고흥군 도화면 가화리 209-1외6(206-1,188,189,193-1,207,208)",1000,2007-12-17,2010-06-24,2025-06-23
53,전남제427호,(주)관마쏠라파크(관마쏠라파크 태양광발전소),태양광,진도군 지산면 관마리 산118외2,1512,2007-12-17,2008-10-01,2025-06-23
54,전남제434호,(주)하나에너지(하나에너지 장흥 태양광발전소),태양광,장흥군 대덕읍 연지리 산 35-1외1,1000,2007-12-18,2008-04-28,2025-06-23
55,전남제468호,한국태양보성1호발전소(주)(한국태양 보성1호 태양광발전소),태양광,보성군 득량면 예당리 2179외11,1000,2008-01-03,2010-07-30,2025-06-23
56,전남제483호,㈜백양솔라텍(백양 SP 태양광발전소),태양광,보성군 보성읍 원봉리 220외 13,3000,2008-01-14,2008-09-29,2025-06-23
57,전남제495호,(주)우수영에너지(장춘 태양광발전소),태양광,"해남군 화원면 장춘리 산94, 산95, 556",1000,2008-01-18,2008-09-25,2025-06-23
58,전남제515호,건양드림에너지㈜(이엔한빛 태양광발전소),태양광,순천시 황전면 회룡리 559-2외1(559-4),1000,2008-01-29,2012-05-14,2025-06-23
59,전남제543호,㈜삼천리이에스(함평 태양광발전소),태양광,함평군 함평읍 기각리 1098-2,2000,2008-02-18,2008-04-22,2025-06-23
60,전남제546호,(주)광석태양광발전소(광석 태양광발전소),태양광,고흥군 도화면 가화리 556외 8,1000,2008-02-20,2009-08-07,2025-06-23
61,전남제557호,YPP쏠라(주)(YPP쏠라 태양광발전소),태양광,보성군 겸백면 도안리 산3외 1,1000,2008-02-25,2009-11-20,2025-06-23
62,전남제580호,(주)진도선파크(진도선파크 태양광발전소),태양광,진도군 군내면 덕병리 산235-37,3000,2008-03-11,2009-08-13,2025-06-23
63,전남제582호,(주)진도쏠라에너지(진도쏠라에너지 둔전 태양광발전소),태양광,진도군 군내면 둔전리 산4-3외9,1000,2008-03-11,2008-12-30,2025-06-23
64,전남제587호,에이치에프솔라(주)(화방 태양광발전소) ,태양광,"보성군 미력면 화방리 산173-1외 2(11임,18)",1000,2008-03-17,2012-04-30,2025-06-23
65,전남제590호,(주)포스코(광양제철 태양광발전소),태양광,광양시 금호동 640(광양제철소 지붕),1000,2008-03-17,2008-06-03,2025-06-23
66,전남제705호,(유)태화쏠라텍(태화쏠라텍 태양광발전소),태양광,고흥군 고흥읍 등암리 산89-1,1000,2008-10-13,2009-11-06,2025-06-23
67,전남제885호,㈜신안해아름발전소(신안해아름 태양광발전소),태양광,신안군 안좌면 존포리 94-5외1,1000,2009-08-31,2010-08-30,2025-06-23
68,전남제970호,한국수자원공사(죽산보 소수력발전소),소수력,나주시 다시면 죽산리 1175-77외 1,1220,2010-06-04,2012-01-01,2025-06-23
69,전남제972호,조운에너지해남태양광발전소,태양광,해남군 문내면 석교리 산234,1000,2009-10-07,2016-05-23,2025-06-23
70,전남제982호,㈜디엠에스(영광풍력발전소),풍력,"영광군 백수읍 하사리 3167외3(3167-1,3167-2,3167-3)",2000,2010-11-02,2012-10-24,2025-06-23
71,전남제1039호,주식회사 남부홀딩스 남부신안지점(에스지솔라 태양광발전소),태양광,신안군 팔금면 이목리 361-9,1000,2011-04-26,2012-05-31,2025-06-23
72,전남제1040호,거명이앤씨㈜(존포 1태양광발전소),태양광,신안군 안좌면 존포리 94-2외 1(94-3),1000,2011-05-17,2011-12-31,2025-06-23
73,전남제1088호,신안풍력복합발전㈜(신안픙력복합2발전소),풍력,신안군 지도읍 태천리 894-1,3000,2011-08-11,2013-01-24,2025-06-23
74,전남제1105호,한국중부발전㈜(여수 EXPO 태양광발전소),태양광,여수시 덕충동 1996,2021.04,2011-03-25,2012-03-30,2025-06-23
75,전남제1106호,한국동서발전㈜(동서발전광양항 태양광발전소),태양광,"광양시 도이동 775외6(780-2,823,835-40,1379,1379-2,1392)",2292,2011-07-15,2011-12-15,2025-06-23
76,전남제1107호,㈜호석(비오앤태양광발전소),태양광,장성군 동화면 남평리 1058-1외 1(1058-2),1400,2011-09-22,2012-03-28,2025-06-23
77,전남제1108호,포스코에너지㈜(신안파워 제1호 태양광발전소),태양광,"신안군 팔금면 원산리 769-4외 2(768-3,766-3)",2000,2011-08-29,2011-12-30,2025-06-23
78,전남제1109호,우쏠라에너지(유)(우쏠라에너지 태양광발전소),태양광,"신안군 팔금면 대심리 607-1외 3(474,609-1,608-1)",2000,2011-07-15,2012-10-15,2025-06-23
79,전남제1110호,민쏠라에너지(유)(민쏠라에너지 태양광발전소),태양광,신안군 팔금면 원산리 863-1,2000,2011-07-15,2013-10-18,2025-06-23
80,전남제1138호,㈜에이텍솔라(동천2호태양광발전소),태양광,"완도군 노화읍 동천리 907-4외2(907,907-5)",1250,2011-10-26,2012-10-16,2025-06-23
81,전남제1209호,한국동서발전㈜(영광 지산풍력발전소),풍력,영광군 백수읍 지산리 1510-1,3000,2012-06-11,2012-11-14,2025-06-23
82,전남제1240호,(유)에너지파크(에너지파크 태양광발전소),태양광,완도군 노화읍 도청리 881-6,2000,2012-05-08,2012-10-15,2025-06-23
83,전남제1241호,(유)에너지팜(에너지팜 태양광발전소),태양광,무안군 운남면 내리 587-2,1000,2012-07-10,2012-09-17,2025-06-23
84,전남제1262호,도시개발㈜(신월 태양광발전소),태양광,"장성군 북이면 신월리 426-2외 37(427-5,427-6,428-3,428-4,429-2,429-3, 430-3, 440-4,441-5,441-7,442-3,442-4, 443-4, 444-3,444-4,467-4,469-3,470-4, 470-5, 471,471-1,472,473-3,474-6 475,476-2, 476-4,477-2,346-2,347-9, 347-10,347-12, 347-13,352-4,467-5,467-6,582-6)",1000,2011-09-30,2012-10-15,2025-06-23
85,전남제1327호,(유)에너지랜드(에너질핸드 태양광발전소),태양광,무안군 운남면 성내리 805-19,1000,2012-08-22,2012-10-15,2025-06-23
86,전남제1338호,㈜무안그린에너지(무안그린에너지 태양광발전소),태양광,완도군 노화읍 도청리 881-8외 1(881-19),1700,2012-09-11,2012-12-03,2025-06-23
87,전남제1361호,(유)진도그린에너지(진도그린에너지 태양광발전소),태양광,진도군 의신면 송정리 9-2,1195.56,2012-09-24,2013-12-02,2025-06-23
88,전남제1362호,(유)진도솔라에너지(진도솔라에너지 태양광발전소),태양광,진도군 의신면 송정리 9-15,1195.56,2012-09-24,2013-10-22,2025-06-23
89,전남제1363호,(유)의신솔라에너지(의신솔라에너지 태양광발전소),태양광,진도군 의신면 송정리 9-14,1195.56,2012-09-24,2013-10-30,2025-06-23
90,전남제1403호,(유)라미솔라(라미솔라 순천제강1기 태양광발전소),태양광,순천시 해룡면 율촌제1산업단지 3블럭(건물 주2동),1501.2,2012-11-16,2013-01-25,2025-06-23
91,전남제1529호,㈜경선우태양광발전소(경선우태양광발전소),태양광,해남군 송지면 가차리 338-9,1000,2012-03-26,2013-11-07,2025-06-23
92,전남제1541호,베스트솔라에너지㈜(베스트솔라에너지1호 태양광발전소),태양광,해남군 황산면 한자리 721외 1(742),2990,2012-02-09,2013-11-16,2025-06-23
93,전남제1542호,베스트솔라에너지㈜(베스트솔라에너지2호 태양광발전소),태양광,해남군 황산면 한자리 752-3,1000,2012-02-05,2013-11-16,2025-06-23
94,전남제1556호,㈜길쌈에너지송지2호 태양광발전소,태양광,해남군 송지면 가차리 338-6,1750,2013-03-13,2014-03-25,2025-06-23
95,전남제1557호,은석태양광발전소,태양광,해남군 송지면 가차리 338-7,1750,2013-01-18,2014-03-25,2025-06-23
96,전남제1575호,㈜포스코건설(전남 강진군 화물주차장 태양광발전소),태양광,전남 강진군 화물주차장 태양광발전소,2000,2012-12-12,2014-02-05,2025-06-23
97,전남제1576호,㈜포스코건설(전남 강진군 화물주차장2태양광발전소),태양광,"강진군 성전면 성전리 276외 26(275,274,273,232-3,233-3,235,236,237,241,242,243,244,245,246,680-1,679-1,678-1,586-4,672-6,671-12,676,791-128,263,264-1,265-1,791-15,675-1)",2990,2013-02-19,2014-02-05,2025-06-23
98,전남제1587호,한국농어촌공사 장성지사(장성호 소수력발전소),소수력,"장성군 장서읍 용강리 302-1외 4(504-1,510-3,541-34,산43-11)",1392,2013-06-11,2013-07-23,2025-06-23
99,전남제1676호,영암테크노태양광㈜(영암테크노 태양광발전소),태양광,"영암군 삼호읍 난전리 1736-1외 2(1737-1,1738-1) (구거)",2583.91,2013-08-02,2013-12-31,2025-06-23
100,전남제1677호,영암해오름태양광㈜(영암해오름 태양광발전소),태양광,"영암군 삼호읍 난전리 1738-1외 2(1739-1,1740-1,1741-1) (구거)",2985.84,2013-08-02,2013-12-31,2025-06-23
101,전남제1686호,㈜포스코 건설 (전남 강진군쓰레기매립장 태양광발전소),태양광,"강진군 강진읍 남포리 464외 5(630-10,503,507,508,509)",1500,2013-07-23,2014-02-08,2025-06-23
102,전남제1695호,(유)디떠블유산업(동우산업 태양광발전소),태양광,고흥군 포두면 옥강리 148-26,1000,2013-09-04,2014-12-30,2025-06-23
103,전남제1722호,금성축산 영농조합법인(금성 태양광발전소),태양광,"나주시 공산면 복용리 340외 18(80-1, 80-12,   80-14, 80-15, 80-16, 80-17, 80-29, 80-32, 80-34,   80-36, 80-38, 80-39, 80-40, 80-41, 80-43, 340-3,   340-4, 340-6)",1200,2013-02-04,2015-02-06,2025-06-23
104,전남제1733호,협신개발㈜(협신 태양광발전소),태양광,"함평군 나산면 초포리 373-1외 9(373-2,375-20,375-22,377,377-2,377-4,377-5,1082-9,1082-40)",1000,2013-03-15,2013-10-17,2025-06-23
105,전남제1741호,㈜포스코건설(전남 목포시 상수도사업소 태양광발전소),태양광,"무안군 몽탄면 몽강리 산54외 3(산55-1,산55-2,산57),청용리 산10-11",1120,2012-12-12,2014-01-09,2025-06-23
106,전남제1748호,㈜포스코건설(전남 강진군 청자박물관 태양광발전소),태양광,"강진군 대구면 사당리 338-12외 9(338-13,338-14,342-9,342-10,342-11,342-12,342-13,342-14,346-15)",1300,2013-07-23,2013-12-31,2025-06-23
107,전남제1780호,㈜솔라오션(그린레일 함평1호태양광발전소),태양광,"함평군 학교면 고막리 631-1외 2(631-2,631-4)",1959.63,2013-04-10,2014-09-05,2025-06-23
108,전남제1937호,㈜그린솔라에너지(그린솔라에너지 태양광발전소),태양광,해남군 송지면 학가리 308-1,2000,2013-01-09,2015-08-27,2025-06-23
109,전남제1940호,(유)겨레에너지(겨레에너지 태양광발전소),태양광,해남군 송지면 학가리 815,1800,2013-05-07,2015-09-14,2025-06-23
110,전남제1982호,㈜길쌈에너지(송지1호 태양광발전소),태양광,해남군 송지면 가차리 338-2외 1(338-4),1783.6,2013-05-13,2014-03-25,2025-06-23
111,전남제2013호,㈜금성에너지(금성에너지 태양광발전소),태양광,"함평군 월야면 용암리 748외 2(산25-10,산25-6)",1000,2013-10-13,2017-07-27,2025-06-23
112,전남제2086호,전남도시가스㈜(씨제이대한통운 태양광발전소),태양광,광양시 도이동 814 (건물-광양항),1689,2013-10-13,2013-12-06,2025-06-23
113,전남제2098호,㈜창대글로리솔라(창대글로리 태양광발전소),태양광,"담양군 무정면 덕곡리 12외 8(30,32,40,50,51,8,26,27)",3000,2013-07-25,2014-04-15,2025-06-23
114,전남제2393호,(유)혁신에코에너지(혁신에코에너지 태양광발전소),태양광,담양군 금성면 원율리 637외 1(579-133),1530,2013-11-22,2014-05-28,2025-06-23
115,전남제2450호,㈜하정솔라테크(하정솔라테크 태양광발전소),태양광,완도군 노화읍 이포리 255-34,1300,2013-11-29,2014-04-01,2025-06-23
116,전남제2518호,한국동서발전㈜(광양항 황금물류센터 태양광발전소),태양광,광양시 도이동 815(건물),1100,2013-12-20,2014-06-25,2025-06-23
117,전남제2756호,㈜에코제주에너지(에코제주에너지 태양광발전소),태양광,"화순군 이양면 강성리 300-2외 2(300-4,300-7)",1800,2014-02-04,2014-11-26,2025-06-23
118,전남제3134호,호남축산 태양광발전소,태양광, 장흥군 관산읍 하발리 산 49번지 1호((건물)),2000,2014-04-08,2015-03-13,2025-06-23
119,전남제3167호,전남솔라(주) 순천시 농산물도매시장 태양광발전소,태양광, 순천시 해룡면 해광로 1((건물)),1499.78,2014-04-08,2014-07-28,2025-06-23
120,전남제3258호,㈜목포솔라(원당중공업 태양광발전소),태양광,영암군 삼호읍 대불산단1로 7,1893.69,2014-04-16,2014-06-30,2025-06-23
121,전남제3259호,㈜목포솔라(유진산업 태양광발전소),태양광,영암군 삼호읍 대불산단1로 104,1631.34,2014-04-16,2014-06-30,2025-06-23
122,전남제3295호,(유)복평(복평태양광발전소),태양광,"해남군 해남읍 복평리 250번지 1호 ,250-8,250-9",1700,2014-04-17,2014-09-24,2025-06-23
123,전남제3508호,은성기업㈜ (은성3호 태양광발전소),태양광,"영광군 홍농읍 단덕리 230-29, 230-26(건물)",1605.8,2014-04-24,2015-12-03,2025-06-23
124,전남제3516호,㈜장성솔라(장성복합물류 태양광발전소),태양광,장성군 서삼면 용흥리 576번지 외 26필지,1995.84,2014-04-24,2015-11-10,2025-06-23
125,전남제3604호,㈜청정 태양광발전소(청정 태양광발전소),태양광,"곡성군 삼기면 노동리 산 91번지 3호 513, 514, 514-1, 514-5, 515, 산91, 산91-3, 산91-4, 산91-5",2000,2014-05-20,2015-08-12,2025-06-23
126,전남제3624호,(주)녹색에너지1호(녹색에너지1호 태양광발전소),태양광,"광양시 도이동 831(건물), 832-1(건물)",2068,2014-06-08,2014-12-11,2025-06-23
127,전남제3626호,㈜포에이스 (포에이스 태양광발전소),태양광,해남군 문내면 예락리 753-4,2000,2014-06-18,2014-11-21,2025-06-23
128,전남제3637호,㈜현성에너지,태양광,"완도군 신지면 신상리 72-1, 동고리 950-1",1646.1,2014-06-27,2015-11-18,2025-06-23
129,전남제3674호,산호태양광발전소,태양광,영암군 삼호읍 산호리 1462외 1필지(1463)(건물),1495.8,2014-08-05,2015-03-11,2025-06-23
130,전남제3676호,전남도시가스(주)(SUPEX 2 태양광발전소),태양광,"광양시 도이동 779, 804(건물)",1476,2014-08-05,2014-12-03,2025-06-23
131,전남제3693호,농업회사법인(유)다인에너지(다인에너지 태양광발전소),태양광,완도군 노화읍 구석리 1749-14(건물),2000,2014-08-14,2015-03-12,2025-06-23
132,전남제3707호,케이솔라일호(주)(에이치원솔라십일호 태양광발전소),태양광,"고흥군 도화면 봉룡리 749-1, 749-2, 749-3",1000,2014-08-18,2015-11-06,2025-06-23
133,전남제3710호,(주)에스엠에너지(에스엠에너지 태양광발전소),태양광,"고흥군 두원면 예회리 산118산118-1, 118-3, 118-4, 118-5,822, 823",1998,2014-08-18,2015-07-24,2025-06-23
134,전남제3713호,영농조합법인 태인(태인 태양광발전소),태양광,"무안군 운남면 연리 1532-113, 1532-3, 1537, 1532-2, 1537-3 동암리 1321-5, 1325, 1325-3(건물)",2668.04,2014-08-20,2015-03-20,2025-06-23
135,전남제3714호,영농조합법인 태인(태인3호 태양광발전소),태양광,"무안군 운남면 연리 1532-113, 1537-3, 동암리 1321-173, 1325-3(건물)",2978.04,2014-08-20,2015-12-21,2025-06-23
136,전남제3715호,영농조합법인 태인(태인4호 태양광발전소),태양광,"무안군 운남면 연리 1532-113, 1537-3(건물) 동암리 1323-290, 1323-291, 1321-173, 1325-3(건물)",2494.8,2014-08-20,2014-11-06,2025-06-23
137,전남제3770호,케이솔라이호(주)(케이솔라이호 달마쏠라 태양광발전소),태양광,해남군 북평면 평암리 466-8,2000,2014-09-01,2017-07-11,2025-06-23
138,전남제3776호,㈜아이오(금성풍력발전소),풍력,여수시 돌산읍 금성리 산154-5,3000,2014-09-02,2016-07-07,2025-06-23
139,전남제3814호,장은에너지㈜(장은에너지 제2호 태양광발전소),태양광,"완도군 신지면 동고리 949-2, 949-5, 949-6, 949-7",1990,2014-09-11,2018-04-27,2025-06-23
140,전남제3819호,㈜능성발전(능성 태양광발전소),태양광,"장성군 삼계면 능성리 산14외 5(산33, 산15-1, 204-3, 204-4, 204-5)",1998,2014-09-16,2015-12-18,2025-06-23
141,전남제3831호,주식회사 선데이(럭스솔라1호 태양광발전소),태양광,해남군 화산면 가좌리 845-1,1386,2014-09-19,2016-10-27,2025-06-23
142,전남제3867호,태웅태양광발전소,태양광,"완도군 신지면 월양리 558-1, 558-2, 558-3, 558-4, 558-5, 558-6",1000,2014-10-08,2015-03-10,2025-06-23
143,전남제3888호,㈜한태연2호맴생이태양광발전소,태양광,"광양시 봉강면 구서리 산14-7, 산14-8",2500,2014-10-20,2018-06-20,2025-06-23
144,전남제3908호,케이솔라이호(주)(케이솔라이호 대한 태양광발전소),태양광,"영광,백수읍 하사리 1072-63",2910.6,2014-10-24,2015-05-14,2025-06-23
145,전남제3909호,㈜제이에스영광솔라파크제이에스영광솔라파크태양광발전소,태양광,"영광,백수읍 하사리 1072-62, 1072-61, 1072-60",2910.6,2014-10-24,2015-05-14,2025-06-23
146,전남제3910호,㈜디에스쏠라디에스쏠라 태양광발전소,태양광,"영광,백수읍 하사리 1879 외 2",2910.6,2014-10-24,2015-05-27,2025-06-23
147,전남제3911호,㈜광전사광전 태양광발전소,태양광,"영광,백수읍 하사리 1072-2,1072-66,1072-67,1072-68,1072-3,172-58,1072-59",2910.6,2014-10-24,2015-05-14,2025-06-23
148,전남제3912호,㈜현단태양광발전(현단 태양광발전),태양광,"영광,백수읍 하사리 1072-3",2910.6,2014-10-24,2015-05-14,2025-06-23
149,전남제3931호,㈜선경태양광발전소(선경 태양광발전소),태양광,"순천시 외서면 반용리 288-1-나, 288-2-다, 산30-나, 산31-1-나",2995.2,2014-10-31,2018-03-16,2025-06-23
150,전남제3932호,㈜동인태양광발전소(동인 태양광발전소),태양광,"순천시 외서면 반용리 288-2-나, 산32-나",2995.2,2014-10-31,2018-03-16,2025-06-23
151,전남제3933호,(주)보현에너지(보현에너지),태양광,"순천시 외서면 반용리 산30-가, 산31-1-가, 산32-다",2995.2,2014-10-31,2018-03-16,2025-06-23
152,전남제3934호,㈜준에너지(준에너지),태양광,"순천시 외서면 반용리 288-나, 288-1-다, 288-2-라, 산30-다",2995.2,2014-10-31,2018-03-16,2025-06-23
153,전남제3935호,(주)금성에너지(금성에너지),태양광,"순천시 외서면 반용리 288-가, 288-1-가, 288-2-가, 289, 291-1, 291-2, 291-3, 산32-가, 872-18",2995.2,2014-10-31,2018-03-16,2025-06-23
154,전남제4001호,유원미래㈜(유원미래 태양광발전소),태양광,"강진군 군동면 덕천리 745-8, 쌍덕리 2-1, 2-5",1500,2014-12-10,2016-12-01,2025-06-23
155,전남제4012호,케이솔라이호(주)(케이솔라이호 태양이앤지 태양광발전소),태양광,"완도군 신지면 신상리 778-2, 778-3, 778-4",1615.95,2014-12-10,2016-10-25,2025-06-23
156,전남제4028호,고흥솔라파크 주식회사(고흥만 고흥솔라파크2호 태양광발전소),태양광,"고흥,고흥읍,호동리 1887, 1887-2",1776.6,2015-01-07,2015-06-15,2025-06-23
157,전남제4029호,㈜코센케이에이치고흥만 코센케이에이치3호 태양광발전소,태양광,"고흥,고흥읍,고소리 1495 ",1458,2015-01-07,2015-06-15,2025-06-23
158,전남제4031호,고흥솔라파크 주식회사(고흥만 고흥솔라파크5호 태양광발전소),태양광,"고흥,고흥읍,고소리 1499, 1499-1",2462.4,2015-01-07,2015-06-15,2025-06-23
159,전남제4032호,고흥솔라파크 주식회사(고흥만 고흥솔라파크6호 태양광발전소),태양광,"고흥,도덕,가야리 3794, 3794-1",1684.8,2015-01-07,2015-06-15,2025-06-23
160,전남제4034호,고흥솔라파크 주식회사(고흥만 고흥솔라파크8호 태양광발전소),태양광,"고흥,도덕,가야리 3808, 3808-1",1290.6,2015-01-07,2015-06-15,2025-06-23
161,전남제4035호,고흥솔라파크 주식회사(고흥만 고흥솔라파크9호 태양광발전소),태양광,"고흥,도덕,용동리 1544, 1599가야리 3760",1306.8,2015-01-07,2015-06-15,2025-06-23
162,전남제4036호,고흥솔라파크 주식회사(고흥만 고흥솔라파크10호 태양광발전소),태양광,"고흥,도덕,용동리 1513, 1523",1614.6,2015-01-07,2015-06-15,2025-06-23
163,전남제4081호,광양태양광발전소,태양광,광양시 봉강면 구서리 산 14-2,2000,2015-02-25,2016-02-05,2025-06-23
164,전남제4114호,㈜청명해(청명해 태양광발전소),태양광,"장흥군 장흥읍 해당리 647-1, 647(건물)",1890.69,2015-04-15,2018-01-03,2025-06-23
165,전남제4116호,㈜맥원에너지금전햇빛 태양광발전소,태양광,"화순군 한천면 금전리 349, 358, 404, 555, 산 8-3",2003.84,2015-04-16,2017-06-28,2025-06-23
166,전남제4117호,GSL태양광발전소,태양광,광양시 황금동 737-1 외 8,3000,2015-04-16,2020-03-17,2025-06-23
167,전남제4136호,한국로지스풀㈜광양 한국로지스풀 태양광발전소,태양광,"광양시 도이동 808-1, 808-2",2178,2015-06-08,2015-12-24,2025-06-23
168,전남제4142호,고흥솔라파크 주식회사(고흥만 고흥솔라파크1호 태양광발전소),태양광,"고흥군 고흥읍호동리 1887, 1887-2. 1887-3(건물)",2743.2,2015-06-12,2015-06-22,2025-06-23
169,전남제4143호,고흥솔라파크 주식회사(고흥만 고흥솔라파크4호 태양광발전소),태양광,"고흥군 고흥읍 고소리 1497, 1497-1(건물)",2997,2015-06-12,2015-06-22,2025-06-23
170,전남제4144호,고흥솔라파크 주식회사(고흥만 고흥솔라파크7호 태양광발전소),태양광,"고흥군 도덕면 가야리 3794-1, 3796,3808(건물)",2997,2015-06-12,2015-06-22,2025-06-23
171,전남제4145호,고흥솔라파크 주식회사(고흥만 고흥솔라파크11호 태양광발전소),태양광,"고흥군 두원면 풍류리 1378, 두원면 학곡리 1642(건물)",1690.2,2015-06-12,2015-06-22,2025-06-23
172,전남제4146호,고흥솔라파크 주식회사(고흥만 고흥솔라파크11호 태양광발전소),태양광,"고흥군 두원면 풍류리 산182, 학곡리 산204, 산250, 산251-1",2997,2015-06-12,2015-06-22,2025-06-23
173,전남제4165호,㈜성환염산태양광발전소성환염산 태양광발전소,태양광,영광군 염산면 봉남리 1102-8,3000,2015-07-01,2020-02-29,2025-06-23
174,전남제4166호,㈜휴먼영광에너지3호(에스앤피 태양광발전소),태양광,영광군 염산면 봉남리 1102-9,3000,2015-07-01,2020-02-29,2025-06-23
175,전남제4172호,(주)에스와이에너지(영광에스와이 태양광발전소),태양광,"영광군 염산면 봉남리 1101-2, 1101-3",3000,2015-07-01,2020-02-29,2025-06-23
176,전남제4188호,㈜정남염산태양광발전소(정남염산 태양광발전소),태양광,영광군 염산면 봉남리 1101-7,3000,2015-09-18,2020-02-29,2025-06-23
177,전남제4189호,㈜정숙염산태양광발전소정숙염산 태양광발전소,태양광,영광군 염산면 봉남리 1102-4,3000,2015-09-18,2020-02-29,2025-06-23
178,전남제4217호,㈜티에스에너지28호(티에스에너지28호 태양광발전소),태양광,해남군 황산면 한자리 23-2,2747.64,2016-01-08,2016-12-27,2025-06-23
179,전남제4236호,㈜금오에너지(금오에너지 태양광발전소),태양광,해남군 황산면 한자리 23-31,2897.78,2016-02-05,2016-12-21,2025-06-23
180,전남제4237호,㈜에스알비태양광(내외진 태양광발전소),태양광,해남군 황산면 한자리 23-11,2867.4,2016-02-05,2016-12-21,2025-06-23
181,전남제4238호,㈜초포솔라(초포솔라 태양광발전소),태양광,"해남군 황산면 한자리 23-9, 23-10",2928.15,2016-02-05,2016-12-21,2025-06-23
182,전남제4239호,㈜우실태양광(우실 태양광발전소),태양광,"해남군 황산면 한자리 23-12, 23-13",2988.9,2016-02-05,2016-12-21,2025-06-23
183,전남제4241호,㈜티에스에너지26호(티에스에너지외입 태양광발전소),태양광,"해남군 황산면 외입리 산7-5, 산7-10",1898.4,2016-03-02,2017-12-09,2025-06-23
184,전남제4242호,㈜티에스에너지27호(티에스에너지호동 태양광발전소),태양광,"해남군 황산면 호동리 926, 927, 928, 929, 931, 932, 933, 934",1568,2016-03-02,2019-06-15,2025-06-23
185,전남제4249호,㈜구례에너지(구례에너지 태양광발전소),태양광,구례군 간전면 수평리 산63,1965.6,2016-03-29,2017-05-08,2025-06-23
186,전남제4262호,㈜대동햇빛발전소대동햇빛 태양광발전소 2호,태양광,"함평군 대동면 운교리 118, 139, 144,200,200-1, 200-2, 201, 206, 220, 1403, 1405, 1411-1, 1418, 1421",2006,2016-06-20,2017-03-30,2025-06-23
187,전남제4263호,㈜티에스에너지7호(산소1호 태양광발전소),태양광,"해남군 황산면 한자리 751-2,752-2,753,754,755,773-4,769,770,771,772,773-1,839-1",2700.4,2016-06-30,2017-12-10,2025-06-23
188,전남제4264호,㈜티에스에너지7호(산소2호 태양광발전소),태양광,"해남군 황산면 한자리 802-1,803,804,823,824,825,826,839-1",2733.94,2016-06-30,2017-12-10,2025-06-23
189,전남제4265호,㈜한자태양광한자2호 태양광발전소),태양광,"해남군 황산면 한자리 802-1, 823, 824, 825, 826, 829, 830, 839-1, 839-2, 753, 754, 755, 751-2, 752-2, 773-1, 773-4, 775-4, 775-5, 775-6, 800-1, 800-4",1009.05,2016-06-30,2017-12-10,2025-06-23
190,전남제4266호,㈜한자태양광한자1호 태양광발전소),태양광,"해남군 황산면 한자리 769,770,771,772,773-1,775-1,776,777,773-4,775-3,775-4, 775-6,839-1",2836.28,2016-06-30,2017-12-10,2025-06-23
191,전남제4267호,㈜산소솔라(산소솔라 태양광발전소),태양광,"해남군 황산면 한자리 775-1,775-3,775-5,775-6, 776,777,798,799,800-1 800-4, 839-1",2374.46,2016-06-30,2017-12-10,2025-06-23
192,전남제4271호,㈜구례1호태양광발전소(구례1호 태양광발전소),태양광,"구례군 간전면 삼산리 15, 16,17,18,19,20,21,산17,산18",2016,2016-07-20,2017-05-08,2025-06-23
193,전남제4272호,㈜구례에너지1호(구례에너지1호 태양광발전소),태양광,"구례군 간전면 삼산리 산16-1, 산17, 산19,산19-1, 산20,산21, 산44, 산51, 산51-1",2016,2016-07-20,2017-05-08,2025-06-23
194,전남제4273호,㈜구례삼산발전소(구례삼산 태양광발전소),태양광,"구례군 간전면 삼산리 산19,산19-1, 산21",2016,2016-07-20,2017-05-08,2025-06-23
195,전남제4278호,㈜노랑에너지(계월리풍력발전소),풍력,순천시 월등면 계월리 산150-2,3000,2016-07-22,2018-01-25,2025-06-23
196,전남제4301호,㈜광양봉강발전소1호(광양봉강발전소 1호),태양광,광양시 봉강면 봉당리 산 76-16,2016,2016-10-19,2020-12-11,2025-06-23
197,전남제4302호,㈜광양봉당리발전소3호(광양봉당리발전소 3호),태양광,광양시 봉강면 봉당리 산 76-15,2017,2016-10-19,2020-12-11,2025-06-23
198,전남제4303호,㈜광양봉강한태연발전소2호(광양봉강한태연발전소 2호),태양광,광양시 봉강면 봉당리 산 76-18,2018,2016-10-19,2020-12-11,2025-06-23
199,전남제4306호,전남개발공사(영암KIC태양광발전소),태양광,영암군 삼호읍 삼포리 1949,2997,2016-11-25,2018-06-29,2025-06-23
200,전남제4308호,코리아에너지발전소(주)(코리아에너지발전소 7호기),태양광,"여수시 율촌면 여동리 371(금호석유화학㈜ 제1동,  제3동 건물, 주차장",1486.8,2016-12-20,2019-04-17,2025-06-23
201,전남제4309호,(유)가온길에너지(가온길에너지 태양광발전소),태양광,영광군 백수읍 하사리 1072-30,2990,2017-01-04,2017-07-27,2025-06-23
202,전남제4310호,한국남동발전㈜(KOEN 세방 광양 태양광발전소),태양광,"광양시 도이동 775, 779번지(세방물류창고 옥상)",2996.46,2017-01-31,2017-11-07,2025-06-23
203,전남제4312호,㈜송고에너지(송고 태양광발전소),태양광,"해남군 황산면 외입리 380-1(다), 380-3(가), 380-4(가), 380-5(가), 380-6(가)",2797.2,2017-02-28,2017-12-09,2025-06-23
204,전남제4313호,㈜보대에어지(보대 태양광발전소),태양광,"해남군 황산면 외입리 380-1(가), 380-4(라), 380-5(마), 380-6(다), 380-7(가)",2510.76,2017-02-28,2017-12-09,2025-06-23
205,전남제4314호,㈜장지솔라(장지 태양광발전소),태양광,"해남군 황산면 외입리 320-1, 380-1(나), 380-5(나), 380-6(나)",2571.8,2017-02-28,2017-12-09,2025-06-23
206,전남제4315호,㈜산나리솔라(산나리 태양광발전소),태양광,"해남군 황산면 외입리 380-1(사), 380-3(라), 380-4(라), 380-5(라), 380-7(나)",2750.4,2017-02-28,2017-12-09,2025-06-23
207,전남제4316호,㈜외입태양광(외입1호 태양광발전소),태양광,"해남군 황산면 외입리 380, 308-1, 308-2, 309, 310(가), 310(나), 380-1(라), 380-1(마), 380-1(바), 380-3(나), 380-3(나), 380-3(나), 380-5(다)",1008,2017-02-28,2017-12-09,2025-06-23
208,전남제4322호,(유)수동태양광(수동 태양광발전소),태양광,"해남군 북일면 운전리 291-2, 291-3",1000,2017-04-05,2019-03-16,2025-06-23
209,전남제4323호,㈜티에스에너지22호(한자3호 태양광발전소),태양광,해남군 황산면 한자리 855-2,1800,2017-05-10,2018-07-14,2025-06-23
210,전남제4326호,㈜티에스에너지19호(신정솔라2호 태양광발전소),태양광,"해남군 황산면 외입리 325-13, 325-16, 325-17, 325-19",2402.12,2017-05-29,2018-04-05,2025-06-23
211,전남제4327호,㈜유송태양광(연도 태양광발전소),태양광,"해남군 황산면 외입리 325-6, 325-10, 325-11, 325-27~30",2311.23,2017-05-29,2018-04-05,2025-06-23
212,전남제4332호,주식회사 미진햇빛발전(주식회사 미진태양광발전),태양광,"함평군 함평읍 장교리 234-1, 234-2, 234-3, 234-4, 234-5, 산36-1",1000,2017-06-09,2021-12-17,2025-06-23
213,전남제4333호,(유)군유솔라엔지(물류명가 태양광발전소),태양광,광양시 항만2로 166(건물),1289.52,2017-11-08,2019-02-27,2025-06-23
214,전남제4334호,㈜소리도에너지(외입3호 태양광발전소),태양광,"해남군 황산면 외입리 325-8,325-9,325-14(가),325-15",2739.8,2017-11-27,2018-12-30,2025-06-23
215,전남제4335호,(주)월암1호 발전소(월암1호 발전소),태양광,"순천시 외서면 월암리 488-2, 488-3, 488-5, 488-8, 488-9, 489-1, 489-2, 489-3",2998.8,2017-12-27,2020-06-26,2025-06-23
216,전남제4336호,(주)월암2호 발전소(월암2호 발전소),태양광,"순천시 외서면 월암리 488-6, 488-7, 489-6, 489-7",2998.8,2017-12-27,2020-06-19,2025-06-23
217,전남제4337호,(주)월암3호 발전소(월암3호 발전소),태양광,"순천시 외서면 월암리 489-9, 489-10, 489-11, 489-12, 489-13, 489-14, 492, 493, 493-1, 493-2",2998.8,2017-12-27,2020-06-26,2025-06-23
218,전남제4338호,(주)월암4호 발전소(월암4호 발전소),태양광,"순천시 외서면 월암리 488-4, 488-10, 489-4, 489-5",2998.8,2017-12-27,2020-06-19,2025-06-23
219,전남제4340호,㈜해뜸(해뜸 태양광발전소),태양광,광양시 황길동 1408-2(건물),1944,2018-01-09,2018-11-04,2025-06-23
220,전남제4343호,㈜갈바람에너지(갈바람에너지 태양광발전소),태양광,"영광군 백수읍 하사리 1066-타, 1884-바",2999,2018-09-18,2020-02-20,2025-06-23
221,전남제4344호,㈜강토에너지(강토에너지 태양광발전소),태양광," 영광군 백수읍 하사리 1073-다, 1074-다, 1075-다, 1076-나",2999,2018-09-18,2020-02-18,2025-06-23
222,전남제4345호,㈜강수에너지(강수에너지 태양광발전소),태양광," 영광군 백수읍 하사리 1074(라), 1075(라), 1076(다)",2999,2018-09-18,2020-02-14,2025-06-23
223,전남제4346호,㈜광염에너지(광염에너지 태양광발전소),태양광," 영광군 백수읍 하사리 1087(아), 1088(아), 1089(사), 1093(나), 1094(라)",2999,2018-09-18,2020-02-14,2025-06-23
224,전남제4348호,㈜아마에너지(아마에너지 태양광발전소),태양광," 영광군 백수읍 하사리 1071(가), 1073(가), 1074(가), 1075(가), 1094-1(나)",2999,2018-09-18,2020-01-31,2025-06-23
225,전남제4349호,㈜라미에너지(라미에너지 태양광발전소),태양광," 영광군 백수읍 하사리 1074(마), 1075(마), 1076(라), 1077(가), 1081(가), 1081-1(가)",2999,2018-09-18,2020-01-23,2025-06-23
226,전남제4350호,㈜하승서승에너지(하승서승에너지 태양광발전소),태양광," 영광군 백수읍 하사리 1089(마)외 3필지(1090(라), 1091(라), 1092(다))",2999,2018-09-18,2020-02-13,2025-06-23
227,전남제4351호,㈜지승태양광(지승 태양광발전소),태양광," 영광군 백수읍 하사리 1066(카)외 6필지(1090(바), 1091(아), 1093(바), 1094(자), 1094-24(라), 1886(라))",2999,2018-09-18,2020-02-18,2025-06-23
228,전남제4352호,㈜바다태양광(바다 태양광발전소),태양광,"영광군 백수읍 하사리 1085(마)외 3필지(1088(라), 1089(다), 1090(나))",2999,2018-09-18,2020-01-22,2025-06-23
229,전남제4353호,㈜천일에너지(천일 태양광발전소),태양광, 영광군 백수읍 하사리 1884(파),2999,2018-09-18,2020-02-18,2025-06-23
230,전남제4354호,㈜도영태양광(도영 태양광발전소),태양광," 영광군 백수읍 하사리 1851(나), 1884(다), 1886(나)",1000,2018-09-18,2020-01-24,2025-06-23
231,전남제4355호,㈜구하기솔라에너지(구하기솔라에너지 태양광발전소),태양광," 영광군 백수읍 하사리 1069(가), 1072(가), 1094-1(가)",2000,2018-09-18,2020-01-23,2025-06-23
232,전남제4356호,㈜미래에너지영광(미래에너지영광 태양광발전소),태양광,"영광군 백수읍 하사리 1090(다)외 3필지 (1091(다), 1092(나), 1094(나))",2999,2018-09-18,2020-02-15,2025-06-23
233,전남제4357호,㈜예아솔라에너지(예아솔라에너지 태양광발전소),태양광,"영광군 백수읍 하사리 1066(나)외 6필지 (1084(나), 1084-4(나), 1085(나), 1086(나), 1087(다), 1088(다))",2000,2018-09-18,2020-01-23,2025-06-23
234,전남제4358호,㈜코로나에너지(코로나에너지 태양광발전소),태양광," 영광군 백수읍 하사리 1085(라)외 3필지 (1089(나), 1090(가), 1091(가))",2000,2018-09-18,2020-02-25,2025-06-23
235,전남제4359호,㈜글로리어스(글로리어스 태양광발전소),태양광," 영광군 백수읍 하사리 1085(가)외 3필지 (1087(가), 1088(가), 1089(가))",1000,2018-09-18,2020-02-15,2025-06-23
236,전남제4361호,㈜산강에너지(산강에너지 태양광발전소),태양광," 영광군 백수읍 하사리 1069(나), 1072(나)",1000,2018-09-18,2020-01-23,2025-06-23
237,전남제4362호,㈜와이엠에너지(와이엠에너지 태양광발전소),태양광," 영광군 백수읍 하사리 1075(바)외 5필지 (1076(마), 1077(나), 1081(나), 1081-1(나))",1000,2018-09-18,2020-01-24,2025-06-23
238,전남제4363호,㈜피브이와트(피브이와트 태양광발전소),태양광," 영광군 백수읍 하사리 1066(차)외 4필지 (1094(아), 1094-24(다), 1885-1(나), 1886(다))",2000,2018-09-18,2020-02-05,2025-06-23
239,전남제4364호,㈜광백태양광(광백 태양광발전소),태양광," 영광군 백수읍 하사리 1066(다)외 7필지 (1069(다), 1084(다), 1084-4(다), 1084-5(가), 1085(다), 1086(다), 1087(라))",2000,2018-09-18,2020-02-19,2025-06-23
240,전남제4365호,㈜마스터즈광백(마스터즈광백 태양광발전소),태양광,"영광군 백수읍 하사리 1066(가)외 5필지(1084(가), 1084-4(가), 1086(가), 1087(나), 1088(나))",2000,2018-09-18,2020-01-22,2025-06-23
241,전남제4366호,㈜광백에너지(광백에너지 태양광발전소),태양광," 영광군 백수읍 하사리 1087(마), 1088(마), 1089(라)",2999,2018-09-18,2020-02-06,2025-06-23
242,전남제4367호,㈜신하태양광발전(신하 태양광발전소),태양광, 영광군 백수읍 하사리 1884(타),2999,2018-09-18,2020-02-14,2025-06-23
243,전남제4368호,㈜우평태양광발전(우평 태양광발전소),태양광,"영광군 백수읍 하사리 1066(사)외 10필지 (1084(바), 1087(자), 1088(자), 1093(다), 1094(마), 1094-24(가), 1851(가), 1884(나), 1886(가), 1886-1(가))",2999,2018-09-18,2020-02-14,2025-06-23
244,전남제4369호,월평태양광발전㈜(월평 태양광발전소),태양광, 영광군 백수읍 하사리 1884(사),2999,2018-09-18,2020-02-06,2025-06-23
245,전남제4370호,㈜송림태양광발전(송림 태양광발전소),태양광," 영광군 백수읍 하사리 1088(사)외 5필지 (1089(바), 1090(마), 1091(마), 1093(가), 1094(다))",2999,2018-09-18,2020-02-13,2025-06-23
246,전남제4371호,㈜신월태양광발전(신월 태양광발전소),태양광,"영광군 백수읍 하사리 1066(자)외 8필지 (1091(사), 1093(마), 1094(사), 1094-24(나), 1884(마), 1885(나), 1885-1(가), 1889(나))",2999,2018-09-18,2020-02-20,2025-06-23
247,전남제4372호,㈜덕호태양광발전(덕호 태양광발전소),태양광,"영광군 백수읍 하사리 1073(라)외 3필지 (1074(바), 1081(라), 1094-1(다))",2999,2018-09-18,2020-02-19,2025-06-23
248,전남제4373호,㈜무령태양광발전(무령 태양광발전소),태양광,"영광군 백수읍 하사리 1066(마)외 4필지 (1084(마), 1084-4(라), 1086(마), 1087(사))",2999,2018-09-18,2020-02-15,2025-06-23
249,전남제4374호,㈜녹사태양광발전(녹사 태양광발전소),태양광," 영광군 백수읍 하사리 1071(나)외 4필지 (1073(나), 1074(나), 1075(나), 1076(가))",2999,2018-09-18,2020-02-14,2025-06-23
250,전남제4375호,㈜단주태양광발전(단주 태양광발전소),태양광," 영광군 백수읍 하사리 1066(아)외 7필지 (1091(바), 1092(라), 1093(라), 1094(바), 1884(라), 1885(가), 1889(가))",2999,2018-09-18,2020-02-19,2025-06-23
251,전남제4376호,㈜계송태양광발전(계송 태양광발전소),태양광,"영광군 백수읍 하사리 1066(바)외 5필지 (1085(바), 1091(나), 1092(가), 1094(가), 1884(가))",2999,2018-09-18,2020-02-19,2025-06-23
252,전남제4377호,㈜교촌태양광발전(교촌 태양광발전소),태양광," 영광군 백수읍 하사리 1066(라)외 4필지 (1084(라), 1086(라), 1087(바), 1088(바))",2999,2018-09-18,2020-02-13,2025-06-23
253,전남제4378호,㈜입석태양광발전(입석 태양광발전소),태양광,영광군 백수읍 하사리 1884(자),2999,2018-09-18,2020-01-23,2025-06-23
254,전남제4381호,㈜금제이노텍(금제이노텍 태양광발전소),태양광, 영광군 백수읍 하사리 1884(아),2000,2018-09-18,2020-01-23,2025-06-23
255,전남제4382호,㈜제이제이케이에너지(제이제이케이에너지 태양광발전소),태양광, 영광군 백수읍 하사리 1884(갸),2000,2018-09-18,2020-02-15,2025-06-23
256,전남제4383호,㈜제이와이에너지(제이와이에너지 태양광발전소),태양광, 영광군 백수읍 하사리 1884(하),2999,2018-09-18,2020-02-18,2025-06-23
257,전남제4384호,㈜에스와이에너지(에스와이에너지 태양광발전소),태양광, 영광군 백수읍 하사리 1884(차),2999,2018-09-18,2020-02-14,2025-06-23
258,전남제4385호,비에스에너지(유)(비에스에너지 태양광발전소),태양광,"영광군 백수읍 하사리 1076(바)외 3필지 (1077(다), 1078(가), 1081(다))",1000,2018-09-18,2020-01-17,2025-06-23
259,전남제4386호,송하2태양광발전소(유)(송하2 태양광발전소),태양광, 영광군 백수읍 하사리 1884(카),1000,2018-09-18,2020-01-17,2025-06-23
260,전남제4387호,㈜동고지솔라(동고지 태양광발전소),태양광,"해남군 황산면 외입리 325-2, 325-3, 325-7",1750,2018-09-21,2019-06-26,2025-06-23
261,전남제4395호,(유)경남2호(경남2호 태양광발전소),태양광,광양시 태인동 1725(지붕),1534.83,2018-10-26,2019-01-10,2025-06-23
262,전남제4396호,㈜티에스에너지25호(심포솔라 태양광발전소),태양광,"신안군 지도읍 내양리 601-68, 601-69, 601-81",2996,2018-11-08,2021-06-02,2025-06-23
263,전남제4397호,㈜티에스에너지25호(봉리에너지 태양광발전소),태양광,"신안군 지도읍 내양리 601-17, 601-43, 601-80",2961,2018-11-08,2021-06-02,2025-06-23
264,전남제4398호,㈜티에스에너지25호(백야에너지 태양광발전소),태양광,신안군 지도읍 내양리 601-39,2422,2018-11-08,2021-06-02,2025-06-23
265,전남제4400호,㈜티에스에너지25호(분무골에너지1호 태양광발전소),태양광,"신안군 지도읍 감정리 658-18, 658-61, 658-96",1337,2018-11-19,2021-12-31,2025-06-23
266,전남제4401호,㈜티에스에너지25호(분무골에너지2호 태양광발전소),태양광,신안군 지도읍 탄동리 산153-20,1029,2018-11-19,2021-12-24,2025-06-23
267,전남제4402호,㈜티에스에너지25호(감정솔라 태양광발전소),태양광,"신안군 지도읍 내양리 499-6외 5필지(499-2, 499-3, 520-2, 601-2, 601-76)",1855,2018-11-19,2021-06-02,2025-06-23
268,전남제4403호,㈜티에스에너지25호(횡간솔라 태양광발전소),태양광,"신안군 지도읍 태천리 산396-6(나), 산396-5",2030,2018-11-19,2021-01-27,2025-06-23
269,전남제4404호,㈜티에스에너지25호(광정솔라 태양광발전소),태양광,신안군 지도읍 태천리 산39+I3941:X3941,2016,2018-11-19,2021-01-27,2025-06-23
270,전남제4406호,㈜티에스에너지25호(월호솔라 태양광발전소),태양광,"신안군 지도읍 내양리 59-3(나)외 6필지(59-4(나), 59-5(나), 59-6, 59-7, 59-58, 59-59)",2940,2018-11-19,2021-12-30,2025-06-23
271,전남제4407호,㈜티에스에너지25호(티에스에너지9호 태양광발전소),태양광,"신안군 지도읍 내양리 59-3(가) 외 2필지(59-4(가), 59-5(가))",2905,2018-11-19,2021-06-02,2025-06-23
272,전남제4410호,㈜티에스에너지25호(장고솔라 태양광발전소),태양광,신안군 지도읍 탄동리 산153-20,2226,2019-01-03,2021-12-24,2025-06-23
273,전남제4412호,㈜티에스에너지25호(봉동솔라 태양광발전소),태양광,신안군 지도읍 감정리 1165-12(가),2004.38,2019-02-11,2021-09-23,2025-06-23
274,전남제4413호,㈜티에스에너지25호(장감솔라 태양광발전소),태양광,신안군 지도읍 감정리 1165-12(나),2004.38,2019-02-11,2021-09-23,2025-06-23
275,전남제4414호,㈜티에스에너지25호(성소솔라 태양광발전소),태양광,"신안군 지도읍 감정리 1165-13, 1165-86, 1165-97",2516.29,2019-02-11,2021-09-23,2025-06-23
276,전남제4415호,㈜티에스에너지25호(신추에너지 태양광발전소),태양광,"신안군 지도읍 감정리 1165-13, 1165-86, 1165-97",2545.13,2019-02-11,2021-09-23,2025-06-23
277,전남제4416호,㈜티에스에너지25호(태천에너지 태양광발전소),태양광,"신안군 지도읍 감정리1165-14, 1165-86",2444.19,2019-02-11,2021-09-15,2025-06-23
278,전남제4418호,㈜티에스에너지25호(상정솔라 태양광발전소),태양광,"신안군 지도읍 내양리 59-13, 59-14",2897.44,2019-02-25,2021-06-02,2025-06-23
279,전남제4419호,㈜티에스에너지25호(신추에너지2호 태양광발전소),태양광,"신안군 지도읍 내양리 1814-4 외 9필지(1813-3, 1813-4, 1814-1, 1814-2, 1814-3, 1814-5, 1814-6, 1813-1, 1813-2)",1840.16,2019-03-26,2021-06-02,2025-06-23
280,전남제4427호,㈜티에스에너지25호(티호1호 태양광발전소),태양광,"신안군 지도읍 태천리 산396-22, 산396-23, 산396-33 산396-16,",2999.36,2019-05-16,2021-01-27,2025-06-23
281,전남제4431호,(유)라미솔라(라미솔라 광양동아스틸1기 태양광발전소),태양광,"광양시 태인동 1653-12, 1709(지붕)",2355.75,2019-06-05,2020-02-13,2025-06-23
282,전남제4432호,(유)라미솔라(라미솔라 광양동아스틸2기 태양광발전소),태양광,광양시 태인동 1745(가)(지붕),2679.75,2019-06-05,2020-01-16,2025-06-23
283,전남제4433호,(유)라미솔라(라미솔라 광양동아스틸3기 태양광발전소),태양광,광양시 태인동 1745(나)(지붕),1458,2019-06-05,2020-01-20,2025-06-23
284,전남제4435호,세방㈜(SOLVIC1호 태양광발전소),태양광,"광양시 도이동 823-2, 823-3(지붕)",2037.96,2019-07-01,2020-06-01,2025-06-23
285,전남제4436호,㈜티에스에너지25호(장감솔라2호 태양광발전소),태양광,"신안군 지도읍 탄동리 산153-50(가), 산153-52(가)",2999.36,2019-07-10,2021-12-14,2025-06-23
286,전남제4437호,㈜티에스에너지25호(백야에너지2호 태양광발전소),태양광,신안군 지도읍 탄동리  2134,2205.84,2019-07-10,2021-12-14,2025-06-23
287,전남제4438호,㈜티에스에너지25호(봉리에너지2호 태양광발전소),태양광,"신안군 지도읍 탄동리 2133, 2134",2999.36,2019-07-10,2021-12-14,2025-06-23
288,전남제4439호,㈜티에스에너지25호(심포솔라2호 태양광발전소),태양광,"신안군 지도읍 탄동리 48-3, 48-4, 48-25 ",2999.36,2019-07-10,2021-12-14,2025-06-23
289,전남제4440호,㈜티에스에너지25호(장감솔라4호 태양광발전소),태양광,신안군 지도읍 내양리 601-74(나),2999.36,2019-07-10,2021-07-30,2025-06-23
290,전남제4441호,㈜티에스에너지25호(지구에너지1호 태양광발전소),태양광,신안군 지도읍 내양리 601-74(가),1215.76,2019-07-10,2021-07-30,2025-06-23
291,전남제4442호,㈜티에스에너지25호(솔라스페이스제사차일호 태양광발전소),태양광,"신안군 지도읍 탄동리 2031, 산153-53 ,산153-54",2999.36,2019-07-10,2021-12-14,2025-06-23
292,전남제4443호,㈜티에스에너지25호(솔라스페이스제사차이호 태양광발전소),태양광,"신안군 지도읍 탄동리 2132(다), 2133(다), 2134",2999.36,2019-07-10,2021-12-14,2025-06-23
293,전남제4444호,㈜티에스에너지25호(솔라스페이스제이차이호 태양광발전소),태양광,"신안군 지도읍 탄동리 산153-2,산153-54",2999.36,2019-07-10,2021-12-14,2025-06-23
294,전남제4445호,㈜티에스에너지25호(솔라필드육차일호 태양광발전소),태양광,신안군 지도읍 탄동리 산153-50,2999.36,2019-07-10,2021-12-14,2025-06-23
295,전남제4446호,㈜티에스에너지25호(솔라스페이스제이차삼호 태양광발전소),태양광,신안군 지도읍 탄동리 2120(가),2999.36,2019-07-10,2021-12-14,2025-06-23
296,전남제4447호,㈜티에스에너지25호(솔라스페이스제일차오호 태양광발전소),태양광,신안군 지도읍 탄동리 2118(가),2999.36,2019-07-10,2021-12-14,2025-06-23
297,전남제4448호,㈜티에스에너지25호(감정솔라4호 태양광발전소),태양광,신안군 지도읍 태천리 산587-3(가),2635.36,2019-07-10,2021-07-23,2025-06-23
298,전남제4449호,㈜티에스에너지25호(심포솔라5호 태양광발전소),태양광,신안군 지도읍 태천리 산587-3(나),2999.36,2019-07-10,2021-01-27,2025-06-23
299,전남제4450호,도민제1호태양광발전소(주)(도민제1호 태양광발전소),태양광,"영광군 백수읍 하사리 1078(가), 1079(가), 1080(가)",2000.7,2019-07-10,2020-10-31,2025-06-23
300,전남제4457호,㈜티에스에너지25호(티호5호 태양광발전소),태양광,신안군 지도읍 탄동리산153-11,2999.36,2019-07-18,2021-12-24,2025-06-23
301,전남제4458호,㈜티에스에너지25호(신추에너지3호 태양광발전소),태양광,신안군 지도읍 탄동리 628-3,2002,2019-07-18,2021-12-30,2025-06-23
302,전남제4459호,㈜티에스에너지25호(상정솔라2호 태양광발전소),태양광,신안군 지도읍 감정리 606-11(가),2999.36,2019-07-18,2021-09-15,2025-06-23
303,전남제4460호,㈜티에스에너지25호(제이씨감정1호 태양광발전소),태양광,"신안군 지도읍 감정리 555-106, 555-129, 555-111(가)",2497.04,2019-07-18,2021-09-02,2025-06-23
304,전남제4461호,㈜티에스에너지25호(HM에너지 태양광발전소),태양광,신안군 지도읍 내양리 601-70(가),2002,2019-07-18,2021-11-05,2025-06-23
305,전남제4462호,㈜티에스에너지25호(제이씨태천1호 태양광발전소),태양광,신안군 지도읍 태천리 산587-3(가),2788.24,2019-07-18,2021-07-23,2025-06-23
306,전남제4463호,㈜티에스에너지25호(제이씨태천2호 태양광발전소),태양광,신안군 지도읍 태천리 산587-3(나),2802.8,2019-07-18,2021-07-23,2025-06-23
307,전남제4464호,㈜티에스에너지25호(제이씨감정2호 태양광발전소),태양광,신안군 지도읍 감정리 555-111(나),2497.04,2019-07-18,2021-09-02,2025-06-23
308,전남제4465호,㈜티에스에너지25호(성소솔라2호 태양광발전소),태양광,신안군 지도읍 감정리 606-7(나),2999.36,2019-07-18,2021-09-02,2025-06-23
309,전남제4466호,㈜티에스에너지25호(봉동솔라2호 태양광발전소),태양광,신안군 지도읍 감정리 606-7(가),1390.48,2019-07-18,2021-09-02,2025-06-23
310,전남제4480호,㈜티에스에너지25호(티호2호 태양광발전소),태양광,신안군 지도읍 태천리 산396-5,2999.36,2019-08-19,2021-12-31,2025-06-23
311,전남제4481호,㈜티에스에너지25호(티호3호 태양광발전소),태양광,신안군 지도읍 탄동리 628-3,2999.36,2019-08-19,2021-12-24,2025-06-23
312,전남제4482호,㈜티에스에너지25호(솔라스페이스제일차일호 태양광발전소),태양광,신안군 지도읍 내양리 601-5,2999.36,2019-08-19,2021-12-01,2025-06-23
313,전남제4483호,㈜티에스에너지25호(솔라스페이스제일차이호 태양광발전소),태양광,"신안군 지도읍 탄동리48-3, 48-25",2999.36,2019-08-19,2021-12-14,2025-06-23
314,전남제4484호,㈜티에스에너지25호(솔라스페이스제이차일호 태양광발전소),태양광,"신안군 지도읍 감정리 658-18, 658-19, 658-44, 658-45, 658-46 658-61, 658-96",2999.36,2019-08-19,2021-12-31,2025-06-23
315,전남제4485호,㈜티에스에너지25호(장고솔라3호 태양광발전소),태양광,"신안군 지도읍 감정리 606-5, 606-39, 606-42",2999.36,2019-09-10,2021-09-02,2025-06-23
316,전남제4487호,㈜티에스에너지25호(지구에너지3호 태양광발전소),태양광,"신안군 지도읍 감정리 555-94, 555-105, 555-108",2999.36,2019-09-30,2021-09-02,2025-06-23
317,전남제4488호,㈜티에스에너지25호(봉동솔라3호 태양광발전소),태양광,"신안군 지도읍 탄동리48-3, 48-4, 48-25",1936.48,2019-09-30,2021-12-14,2025-06-23
318,전남제4489호,㈜티에스에너지25호(월호솔라3호 태양광발전소),태양광,"신안군 지도읍 감정리 658-12(나) 외 6필지(658-16(나), 658-83(나), 658-86(나), 658-87(가),  658-92(가), 658-93(가))",2999.36,2019-09-30,2021-09-02,2025-06-23
319,전남제4490호,㈜티에스에너지25호(지구에너지2호 태양광발전소),태양광,"신안군 지도읍 감정리 658-12(가) 외 5필지(658-13(가), 658-16(가), 658-83-(가), 658-86(가), 658-91(가))",2999.36,2019-09-30,2021-09-02,2025-06-23
320,전남제4491호,㈜티에스에너지25호(월호솔라4호 태양광발전소),태양광,"신안군 지도읍 감정리 555-128, 555-105(가)",2031.12,2019-10-14,2021-09-02,2025-06-23
321,전남제4502호,염전마을발전㈜(염전마을주민 태양광발전소),태양광,"영광군 백수읍 하사리 1078(나), 1079(나), 1080(나)",2000.7,2019-11-26,2021-06-25,2025-06-23
322,전남제4505호,전남도시가스㈜ (포스코인터내셔널광양#2공장 태양광발전소),태양광,광양시 태인동 1687(지붕),1787.52,2019-12-09,2020-05-20,2025-06-23
323,전남제4531호,(유)유니마을에너지(유니마을에너지 태양광발전소),태양광," 무안군 운남면 연리 1126-9(바), 1126-91(라), 내리 456-59(다)",2997,2020-03-03,2021-05-25,2025-06-23
324,전남제4532호,(유)이례마을에너지(이례마을에너지 태양광발전소),태양광," 무안군 운남면 연리 1126-9(마) 외 3필지(1126-91(다), 내리 456-53(다), 456-59(나))",2997,2020-03-03,2021-05-25,2025-06-23
325,전남제4533호,(유)들마을에너지(들마을에너지 태양광발전소),태양광," 무안군 운남면 내리 456-53(나), 456-59(가)",2997,2020-03-03,2021-05-25,2025-06-23
326,전남제4534호,(유)냇마을에너지(냇마을에너지 태양광발전소),태양광," 무안군 운남면 연리 1126-9(라), 1126-91(나)",2997,2020-03-03,2021-05-25,2025-06-23
327,전남제4535호,(유)두리마을에너지(두리마을에너지 태양광발전소),태양광," 무안군 운남면 연리 1126-9(다), 1126-91(가)",2997,2020-03-03,2021-05-25,2025-06-23
328,전남제4536호,(유)산마을에너지(산마을에너지 태양광발전소),태양광, 무안군 운남면 연리 1126-9(나),2997,2020-03-03,2021-05-25,2025-06-23
329,전남제4537호,(유)금빛마을에너지(금빛마을에너지 태양광발전소),태양광, 무안군 운남면 내리 456-59(라),2997,2020-03-03,2021-05-25,2025-06-23
330,전남제4538호,(유)한마을에너지(한마을에너지 태양광발전소),태양광," 무안군 운남면 연리 1126-9(가), 내리 456-53(가)",2997,2020-03-03,2021-05-25,2025-06-23
331,전남제4548호,㈜무등산골프앤리조트(무등산에너지 태양광발전소),태양광," 화순군 화순읍 도웅리 산84-3, 산86-3, 산87, 산88, 산94-1",1148.85,2020-03-09,2020-07-08,2025-06-23
332,전남제4566호,㈜티에스에너지18호(송촌 태양광발전소),태양광,"해남군 황산면 외입리 323, 324, 325, 326-1",1685.25,2020-03-31,2022-07-06,2025-06-23
333,전남제4631호,㈜보원엠앤피(보원엠앤피 태양광발전소),태양광,"영암군 삼호읍 나불리 341-12, 341-17 주1동, 주2동(건물)",2920.26,2020-09-24,2021-05-11,2025-06-23
334,전남제4680호,켑코솔라㈜(KEPCO-11-F08-승산팩 태양광발전소),태양광,여수시 율촌면 율촌산단2로 241-70(지붕),2192.96,2021-04-08,2022-04-27,2025-06-23
335,전남제4717호,대불제이씨3호㈜(대불제이씨삼호2 태양광발전소),태양광,영암군 삼호읍 난전리 1710-6(1동)(건물위),2997.52,2021-06-25,2022-01-24,2025-06-23
336,전남제4718호,대불제이씨1호㈜(대불제이씨삼호1 태양광발전소),태양광,영암군 삼호읍 난전리 1710-5(17동)(건물위),1480.96,2021-06-25,2022-02-04,2025-06-23
337,전남제4719호,대불제이씨2호㈜(대불제이씨이호2 태양광발전소),태양광,영암군 삼호읍 나불리 611-26(7-소조립장)(건물위),1139.2,2021-06-25,2022-02-04,2025-06-23
338,전남제4720호,대불제이씨2호㈜(대불제이씨이호1 태양광발전소),태양광,영암군 삼호읍 난전리 1710-6(1동)(건물위),2079.04,2021-06-25,2022-01-13,2025-06-23
339,전남제4721호,대불제이씨1호㈜(대불제이씨일호2 태양광발전소),태양광,영암군 삼호읍 나불리 341-13(건물위),2157.36,2021-06-25,2022-01-24,2025-06-23
340,전남제4770호,㈜무주(무주 태양광발전소),태양광,"장성군 장성읍 유탕리 1545, 영천리 90, 100 건물위[유탕리 1545, 영천리 100(주1, 주3, 주4, 주10, 주20) 영천리 90 (주1)]",2700.72,2021-08-17,2022-03-23,2025-06-23
341,전남제4771호,㈜무주에너지(무주에너지 태양광발전소),태양광,"장성군 장성읍 유탕리 1545외 8필지  (건물 주2동, 14동, 16동, 17동, 18동, 21동, 23동/90번지 주1동, 부1~7동, 주차장 상부)",2995.2,2021-08-13,2022-03-23,2025-06-23
342,전남제4779호,디에스알 주식회사(DSR(주)광양 태양광발전소),태양광,광양시 광양읍 초남리 759 DSR(주)공장   건물 위,1373.4,2021-09-01,2021-12-27,2025-06-23
343,전남제4780호,㈜성광에너지(성광에너지 태양광발전소),태양광,전라남도 영광군 백수읍 하사길3길 83-27,2990.52,2021-09-13,2023-12-04,2025-06-23
344,전남제4781호,㈜디케이원(디케이원 태양광발전소),태양광,광주광역시 서구 상무누리로 57-3(마륵동),2929.5,2021-09-13,2023-12-04,2025-06-23
345,전남제4782호,㈜세화에너지(세화에너지 태양광발전소),태양광,전라남도 영광군 백수읍 하사길3길 83-27,2934.36,2021-09-13,2023-12-04,2025-06-23
346,전남제4783호,에스엠인프라 태양광발전소㈜에스엠인프라(에스엠인프라 태양광발전소),태양광,"광주광역시 광산구 첨단중앙로182번길 50, 201호(쌍암동, 에이엠시티센트럴파크 1차)",2990.52,2021-09-13,2023-12-04,2025-06-23
347,전남제4784호,㈜회화에너지(회화에너지 태양광발전소),태양광,전라남도 영광군 백수읍 하사길3길 83-27,2920.32,2021-09-13,2023-12-04,2025-06-23
348,전남제4785호,㈜상촌에너지(상촌에너지 태양광발전소),태양광,전라남도 영광군 백수읍 상사길4길 49-7,2990.52,2021-09-13,2023-12-04,2025-06-23
349,전남제4786호,㈜대성에너지(대성에너지 태양광발전소),태양광,전라남도 영광군 백수읍 하사길3길 83-27,2990.52,2021-09-13,2023-12-04,2025-06-23
350,전남제4787호,㈜상사에너지(상사에너지 태양광발전소),태양광,전라남도 영광군 백수읍 상사길4길 49-7,2892.24,2021-09-13,2023-12-04,2025-06-23
351,전남제4788호,㈜디케이랜드(디케이랜드 태양광발전소),태양광,광주광역시 서구 상무누리로 57-3(마륵동),2920.32,2021-09-13,2023-12-04,2025-06-23
352,전남제4789호,㈜마호에너지(마호에너지 태양광발전소),태양광,전라남도 완도군 완도읍 장보고대로 36,2983.5,2021-09-13,2023-12-04,2025-06-23
353,전남제4790호,㈜혜성에너지(혜성에너지 태양광발전소),태양광,전라남도 영광군 백수읍 백수로3길 257-26,2990.52,2021-09-13,2023-12-04,2025-06-23
354,전남제4791호,㈜아미고(아미고 태양광발전소),태양광,"광주광역시 광산구 첨단중앙로182번길 50, 1501호(쌍암동, 에이엠시티센트럴파크 1차)",2990.52,2021-09-13,2023-12-04,2025-06-23
355,전남제4807호,㈜사옥솔라(백수사옥1호 태양광발전소),태양광,전라남도 장성군 동화면 전자농공단지길 32,2960.37,2021-10-20,2023-09-05,2025-06-23
356,전남제4808호,㈜고이솔라(백수고이1호 태양광발전소),태양광,전라남도 장성군 동화면 전자농공단지길 32,2960.37,2021-10-20,2023-09-05,2025-06-23
357,전남제4809호,㈜연도태양광(백수연도1호 태양광발전소),태양광,전라남도 장성군 동화면 전자농공단지길 32,1010.1,2021-10-20,2023-09-05,2025-06-23
358,전남제4815호(구 무안 제2017-408호),(유)아이엔에너지무등(유)아이&에너지무등1호태양광발전소),태양광,전라남도 무안군 일로읍 광암리 산22-1,2016,2017-11-03,2022-12-01,2025-06-23
359,전남제4818호,썬스타트 주식회사(썬스타트 대평2호태양광발전소),태양광,"경기도 수원시 권선구 칠보로 102, 106동 1205호(호매실동, 한양)",2500,2022-02-23,2022-12-15,2025-06-23
360,전남제4819호,와이제이솔라 주식회사(와이제이솔라 대평1호 태양광발전소),태양광,"경기도 용인시 기흥구 보정로 88, 101동 2003호(보정동, 죽현마을)",2500,2022-02-23,2022-12-15,2025-06-23
361,전남제4820호,효성솔텍(주)(효성광양금호 1호 태양광발전소),태양광,"서울특별시 서초구 효령로 304, 5074호(서초동, 국제전자센터)",2915.48,2022-02-23,2023-11-21,2025-06-23
362,전남제4827호,㈜광양솔라(도솔 태양광발전소),태양광,"경기도 의왕시 안양판교로 64, 4동 1002호",1285.83,2022-07-27,2023-12-12,2025-06-23
363,전남제4828호,(재)광양시사랑나눔복지재단(광양 복지형태양광발전소),태양광,전라남도 광양시 구마10길 25,1265.55,2022-07-27,2022-12-29,2025-06-23
364,전남제4862호,주식회사 디에스에너지(광양알루미늄 태양광발전소 1호),태양광,"전라남도 광양시 광양읍 인덕로 972,2층",2719.6,2022-11-08,2024-05-24,2025-06-23
